{
  "source_width": 1672,
  "source_height": 941,
  "source_aspect_ratio": 1.7768331562167907,
  "crop": {
    "panel_width": 529,
    "panel_height": 941
  },
  "panels": {
    "left": {
      "x": 21,
      "y": 0,
      "width": 529,
      "height": 941,
      "aspect_ratio": 0.5621679064824655
    },
    "middle": {
      "x": 569,
      "y": 0,
      "width": 529,
      "height": 941,
      "aspect_ratio": 0.5621679064824655
    },
    "right": {
      "x": 1127,
      "y": 0,
      "width": 529,
      "height": 941,
      "aspect_ratio": 0.5621679064824655
    }
  },
  "chroma_key": "#00FF00",
  "transparent_pixels": 817662
}
