{
  "source_width": 1672,
  "source_height": 941,
  "source_aspect_ratio": 1.7768331562167907,
  "crop": {
    "panel_width": 495,
    "panel_height": 880
  },
  "panels": {
    "left": {
      "x": 40,
      "y": 30,
      "width": 495,
      "height": 880,
      "aspect_ratio": 0.5625
    },
    "middle": {
      "x": 588,
      "y": 29,
      "width": 497,
      "height": 884,
      "aspect_ratio": 0.5622171945701357
    },
    "right": {
      "x": 1137,
      "y": 30,
      "width": 496,
      "height": 882,
      "aspect_ratio": 0.562358276643991
    }
  },
  "chroma_key": "#00FF00",
  "transparent_pixels": 804248
}
