{
  "source_width": 1672,
  "source_height": 941,
  "source_aspect_ratio": 1.7768331562167907,
  "crop": {
    "panel_width": 500,
    "panel_height": 889
  },
  "panels": {
    "left": {
      "x": 47,
      "y": 26,
      "width": 500,
      "height": 889,
      "aspect_ratio": 0.562429696287964
    },
    "middle": {
      "x": 588,
      "y": 26,
      "width": 500,
      "height": 889,
      "aspect_ratio": 0.562429696287964
    },
    "right": {
      "x": 1127,
      "y": 26,
      "width": 500,
      "height": 889,
      "aspect_ratio": 0.562429696287964
    }
  },
  "chroma_key": "#00FF00",
  "transparent_pixels": 816589
}
