{
  "source_width": 1672,
  "source_height": 941,
  "source_aspect_ratio": 1.7768331562167907,
  "crop": {
    "panel_width": 528,
    "panel_height": 939
  },
  "panels": {
    "left": {
      "x": 18,
      "y": 1,
      "width": 528,
      "height": 939,
      "aspect_ratio": 0.5623003194888179
    },
    "middle": {
      "x": 572,
      "y": 1,
      "width": 528,
      "height": 939,
      "aspect_ratio": 0.5623003194888179
    },
    "right": {
      "x": 1131,
      "y": 1,
      "width": 528,
      "height": 939,
      "aspect_ratio": 0.5623003194888179
    }
  },
  "chroma_key": "#00FF00",
  "transparent_pixels": 816246
}
