{
  "source_width": 1672,
  "source_height": 941,
  "source_aspect_ratio": 1.7768331562167907,
  "crop": {
    "panel_width": 499,
    "panel_height": 887
  },
  "panels": {
    "left": {
      "x": 47,
      "y": 26,
      "width": 499,
      "height": 887,
      "aspect_ratio": 0.5625704622322435
    },
    "middle": {
      "x": 587,
      "y": 26,
      "width": 499,
      "height": 887,
      "aspect_ratio": 0.5625704622322435
    },
    "right": {
      "x": 1118,
      "y": 26,
      "width": 499,
      "height": 887,
      "aspect_ratio": 0.5625704622322435
    }
  },
  "chroma_key": "#00FF00",
  "transparent_pixels": 783589
}
