{
  "source_width": 1672,
  "source_height": 941,
  "source_aspect_ratio": 1.7768331562167907,
  "crop": {
    "panel_width": 521,
    "panel_height": 926
  },
  "panels": {
    "left": {
      "x": 31,
      "y": 7,
      "width": 521,
      "height": 926,
      "aspect_ratio": 0.562634989200864
    },
    "middle": {
      "x": 577,
      "y": 8,
      "width": 520,
      "height": 924,
      "aspect_ratio": 0.5627705627705628
    },
    "right": {
      "x": 1120,
      "y": 8,
      "width": 521,
      "height": 925,
      "aspect_ratio": 0.5632432432432433
    }
  },
  "chroma_key": "#00FF00",
  "transparent_pixels": 821357
}
