{
  "source_width": 1672,
  "source_height": 941,
  "source_aspect_ratio": 1.7768331562167907,
  "crop": {
    "panel_width": 497,
    "panel_height": 884
  },
  "panels": {
    "left": {
      "x": 47,
      "y": 22,
      "width": 497,
      "height": 884,
      "aspect_ratio": 0.5622171945701357
    },
    "middle": {
      "x": 583,
      "y": 22,
      "width": 499,
      "height": 887,
      "aspect_ratio": 0.5625704622322435
    },
    "right": {
      "x": 1125,
      "y": 22,
      "width": 498,
      "height": 886,
      "aspect_ratio": 0.5620767494356659
    }
  },
  "chroma_key": "#00FF00",
  "transparent_pixels": 817234
}
