{
  "source_width": 1672,
  "source_height": 941,
  "source_aspect_ratio": 1.7768331562167907,
  "crop": {
    "panel_width": 479,
    "panel_height": 852
  },
  "panels": {
    "left": {
      "x": 62,
      "y": 40,
      "width": 479,
      "height": 852,
      "aspect_ratio": 0.562206572769953
    },
    "middle": {
      "x": 599,
      "y": 40,
      "width": 478,
      "height": 850,
      "aspect_ratio": 0.5623529411764706
    },
    "right": {
      "x": 1131,
      "y": 40,
      "width": 479,
      "height": 851,
      "aspect_ratio": 0.5628672150411281
    }
  },
  "chroma_key": "#00FF00",
  "transparent_pixels": 840493
}
