{
  "source_width": 1672,
  "source_height": 941,
  "source_aspect_ratio": 1.7768331562167907,
  "crop": {
    "panel_width": 471,
    "panel_height": 837
  },
  "panels": {
    "left": {
      "x": 61,
      "y": 52,
      "width": 471,
      "height": 837,
      "aspect_ratio": 0.5627240143369175
    },
    "middle": {
      "x": 599,
      "y": 52,
      "width": 471,
      "height": 837,
      "aspect_ratio": 0.5627240143369175
    },
    "right": {
      "x": 1141,
      "y": 52,
      "width": 471,
      "height": 837,
      "aspect_ratio": 0.5627240143369175
    }
  },
  "chroma_key": "#00FF00",
  "transparent_pixels": 855805
}
