{
  "source_width": 1672,
  "source_height": 941,
  "source_aspect_ratio": 1.7768331562167907,
  "crop": {
    "panel_width": 503,
    "panel_height": 894
  },
  "panels": {
    "left": {
      "x": 54,
      "y": 23,
      "width": 503,
      "height": 894,
      "aspect_ratio": 0.5626398210290827
    },
    "middle": {
      "x": 595,
      "y": 23,
      "width": 503,
      "height": 894,
      "aspect_ratio": 0.5626398210290827
    },
    "right": {
      "x": 1153,
      "y": 23,
      "width": 503,
      "height": 894,
      "aspect_ratio": 0.5626398210290827
    }
  },
  "chroma_key": "#00FF00",
  "transparent_pixels": 817440
}
