{
  "source_width": 1672,
  "source_height": 941,
  "source_aspect_ratio": 1.7768331562167907,
  "crop": {
    "panel_width": 505,
    "panel_height": 898
  },
  "panels": {
    "left": {
      "x": 35,
      "y": 22,
      "width": 505,
      "height": 898,
      "aspect_ratio": 0.5623608017817372
    },
    "middle": {
      "x": 584,
      "y": 22,
      "width": 505,
      "height": 898,
      "aspect_ratio": 0.5623608017817372
    },
    "right": {
      "x": 1146,
      "y": 22,
      "width": 505,
      "height": 898,
      "aspect_ratio": 0.5623608017817372
    }
  },
  "chroma_key": "#00FF00",
  "transparent_pixels": 828490
}
