{
  "source_width": 1672,
  "source_height": 941,
  "source_aspect_ratio": 1.7768331562167907,
  "crop": {
    "panel_width": 494,
    "panel_height": 879
  },
  "panels": {
    "left": {
      "x": 63,
      "y": 27,
      "width": 494,
      "height": 879,
      "aspect_ratio": 0.5620022753128555
    },
    "middle": {
      "x": 557,
      "y": 19,
      "width": 504,
      "height": 896,
      "aspect_ratio": 0.5625
    },
    "right": {
      "x": 1118,
      "y": 23,
      "width": 499,
      "height": 888,
      "aspect_ratio": 0.5619369369369369
    }
  },
  "chroma_key": "#00FF00",
  "transparent_pixels": 851695
}
