{
  "source_width": 1672,
  "source_height": 941,
  "source_aspect_ratio": 1.7768331562167907,
  "crop": {
    "panel_width": 501,
    "panel_height": 891
  },
  "panels": {
    "left": {
      "x": 39,
      "y": 25,
      "width": 501,
      "height": 891,
      "aspect_ratio": 0.5622895622895623
    },
    "middle": {
      "x": 588,
      "y": 25,
      "width": 501,
      "height": 891,
      "aspect_ratio": 0.5622895622895623
    },
    "right": {
      "x": 1147,
      "y": 25,
      "width": 501,
      "height": 891,
      "aspect_ratio": 0.5622895622895623
    }
  },
  "chroma_key": "#00FF00",
  "transparent_pixels": 783891
}
