{
  "source_width": 1672,
  "source_height": 941,
  "source_aspect_ratio": 1.7768331562167907,
  "crop": {
    "panel_width": 494,
    "panel_height": 879
  },
  "panels": {
    "left": {
      "x": 45,
      "y": 31,
      "width": 494,
      "height": 879,
      "aspect_ratio": 0.5620022753128555
    },
    "middle": {
      "x": 587,
      "y": 31,
      "width": 494,
      "height": 879,
      "aspect_ratio": 0.5620022753128555
    },
    "right": {
      "x": 1140,
      "y": 31,
      "width": 494,
      "height": 879,
      "aspect_ratio": 0.5620022753128555
    }
  },
  "chroma_key": "#00FF00",
  "transparent_pixels": 807539
}
